217;новосельдинская 7 утечка из-под земли д=100, без хвс пос. новосельдинский.;['Ульяновская обл, Ульяновск г, Новосельдинский п, 1'];['800729e1-4933-4eea-ada9-b4e1771ed8df']
218;из п/з д=400мм ул,шолмова 9;['Ульяновская обл, Ульяновск г, Гая ул, 1'];['d31afd48-bf9c-40f5-9732-f3270a6d53b1']
219;замена труб в подъезде ж/д отключение гвс и хвс;['Ульяновская обл, Ульяновск г, Лесной проезд, 6 стр 1'];['8467717d-17b7-468f-9bc8-dcf4d4e0e1df']
220;п. новосельдинский 7- утечка из кол-ца д 100, без хвс п. новосельдинский -100 ч/д;['Ульяновская обл, Ульяновск г, Новосельдинский п, 51 стр 1', 'Ульяновская обл, Ульяновск г, Новосельдинский п, 51 стр 1', 'Ульяновская обл, Ульяновск г, Высотный проезд, 2'];['92c3636e-36d9-4554-8c57-9018c31ba930', '92c3636e-36d9-4554-8c57-9018c31ba930', 'f1dc04a4-0e9e-47db-b721-6ed242cff5b3']
221;"п. новосельдинский 6-утечка из п/з д=150; п. новосельдинский 7-утечка из кол-ца д=100 без хвс п. новосельдинский";['Ульяновская обл, Ульяновск г, Новосельдинский п, 1', 'Ульяновская обл, Ульяновск г, Новосельдинский п, 1'];['800729e1-4933-4eea-ada9-b4e1771ed8df', '800729e1-4933-4eea-ada9-b4e1771ed8df']
222;лесная 15 утечка из колодца д=100, без хвс островского 11-23, орлова 21, 21а, 23, 27, 27а, корюкина16, 18, гагарина 20, лесная 12, 15.;['Ульяновская обл, Ульяновск г, Лесная ул, 12', 'Ульяновская обл, Ульяновск г, Лесная ул, 15', 'Ульяновская обл, Ульяновск г, Островского ул, 1', 'Ульяновская обл, Ульяновск г, Орлова ул, 1', 'Ульяновская обл, Ульяновск г, Орлова ул, 1', 'Ульяновская обл, Ульяновск г, Орлова ул, 3', 'Ульяновская обл, Ульяновск г, Орлова ул, 7', 'Ульяновская обл, Ульяновск г, Орлова ул, 7', 'Ульяновская обл, Ульяновск г, Корюкина ул, 6', 'Ульяновская обл, Ульяновск г, Корюкина ул, 8', 'Ульяновская обл, Ульяновск г, Гагарина ул, 10'];['a6ab6806-4350-4586-8ace-c64beda2f194', '03f7d0e2-7d78-4986-ad08-e2dd671e5c7b', 'cbf92f4d-cde7-4c8d-af2e-b4b7d2006c20', '89285fe5-083a-4612-ab39-bda0e7f08abd', '89285fe5-083a-4612-ab39-bda0e7f08abd', '0f578367-8d7f-40af-a8a4-f8025682be2d', '3ac1df1a-f370-400a-8758-3c0fe2dd8dd8', '3ac1df1a-f370-400a-8758-3c0fe2dd8dd8', 'e1c0933b-e33b-42fc-977d-ca72bdaee376', 'e504bf5a-3c1e-4df5-aa2d-37aaeacd87e5', '9e709fcf-ad1b-4088-9c14-c16022e42a0d']
223;оренбургская, 32  утечка из кол-ца, д=100. без хвс оренбургская, 32,34,36,42;['Ульяновская обл, Ульяновск г, Оренбургская ул, 32', 'Ульяновская обл, Ульяновск г, Оренбургская ул, 34', 'Ульяновская обл, Ульяновск г, Оренбургская ул, 36', 'Ульяновская обл, Ульяновск г, Оренбургская ул, 42'];['155f6d53-2653-4b46-8c92-0a32d8ae0e6a', 'cf7c3d75-49a3-44f2-ac39-690a44efc530', '4ef49e27-e32f-449e-9c17-0e00f117c4d2', '77a68e4d-03ed-4842-af40-55a5ce3ab539']
224;ул. тихая, 1. ремонт задвижки, д=80. без хвс  ул.садовая, тихая, станционная, гусева. 40 частн.домов.;['Ульяновская обл, Ульяновск г, Станционная ул, 1', 'Ульяновская обл, Ульяновск г, Станционная ул, 1'];['4731be57-ee72-47c7-9d37-0a1f52bb3377', '4731be57-ee72-47c7-9d37-0a1f52bb3377']
225;аверьянова, 10 утечка из п/з, д=300. без хвс  аверьянова, 8 ( д/с №156);['Ульяновская обл, Ульяновск г, Гая ул, 11 (зд.)', 'Ульяновская обл, Ульяновск г, 1 Мая ул, 10 (двлд.)'];['5502fb3c-efe7-4957-8f24-b0d1f2fd8128', '31d650eb-2ff7-4054-b342-1950030aaea4']
226;ул. победы 23 замена пг, без хвс ул. победы, чкалова, 1, 2 пер. советский.;['Ульяновская обл, Ульяновск г, 40-летия Победы ул, 19 к. 1', 'Ульяновская обл, Ульяновск г, 40-летия Победы ул, 19 к. 1', 'Ульяновская обл, Ульяновск г, 40-летия Победы ул, 19 к. 1'];['6d174767-20f0-42c4-b0f3-565b896338f7', '6d174767-20f0-42c4-b0f3-565b896338f7', '6d174767-20f0-42c4-b0f3-565b896338f7']
227;ремонт пожарного гидранта, без хвс московское шоссе 1ж (корп. 1,2,3);['Ульяновская обл, Ульяновск г, Пожарского пер, 1', 'Ульяновская обл, Ульяновск г, Магистральная ул, 1 (зд.)', 'Ульяновская обл, Ульяновск г, Магистральная ул, 1 (зд.)'];['11f868d6-80ce-4074-b3b5-98946fbcd075', 'd21cdf1e-7248-4643-9c03-0ed25d7ba26b', 'd21cdf1e-7248-4643-9c03-0ed25d7ba26b']
228;подготовка к санации , без хвс дворцовая 2б( религиоз. сооружен.);['Ульяновская обл, Ульяновск г, Протопоповка д, Заречная ул, 6А (соор)'];['e5edd877-d774-40ee-9751-78df4623776e']
229;лесная быль утечка из п/з, д=        без хвс 5-эт. жилое здание.;['Ульяновская обл, Ульяновск г, Крайний пер, 2'];['4f03e6ff-b4a0-45f0-ab3f-e097e3541bc0']
230;ефремова, 93 утечка из п/з, д=400. без хвс пр.олимпийский 6,7,8а,10,ефремова 58, ефремова, 79 и 81( д/с №72 и 197);['Ульяновская обл, Ульяновск г, Ефремова ул, 155 (зд.)', 'Ульяновская обл, Ульяновск г, Ефремова ул, 155 (зд.)', 'Ульяновская обл, Ульяновск г, Ефремова ул, 155 (зд.)', 'Ульяновская обл, Ульяновск г, Олимпийский пр-кт, 7 (зд.)', 'Ульяновская обл, Ульяновск г, Олимпийский пр-кт, 7 (зд.)', 'Ульяновская обл, Ульяновск г, Олимпийский пр-кт, 10 (влд.)'];['d118b801-fc7e-499c-98fd-fc9725818563', 'd118b801-fc7e-499c-98fd-fc9725818563', 'd118b801-fc7e-499c-98fd-fc9725818563', '542fd235-a5bb-4e76-8f73-14d8e03fce16', '542fd235-a5bb-4e76-8f73-14d8e03fce16', '6ad59c13-bfaf-46fa-b56c-727f202e0db0']
231;ср.венец, 15 утечка из п/з, д=150. без хвс ср.венец, 19, 17, 17а (котельная);['Ульяновская обл, Ульяновск г, Карлинская роща п, Котельная', 'Ульяновская обл, Ульяновск г, Карлинская роща п, Котельная', 'Ульяновская обл, Ульяновск г, Карлинская роща п, Котельная', 'Ульяновская обл, Ульяновск г, Карлинская роща п, Котельная'];['d689d40a-5b75-4d0d-94c0-0b549c35f805', 'd689d40a-5b75-4d0d-94c0-0b549c35f805', 'd689d40a-5b75-4d0d-94c0-0b549c35f805', 'd689d40a-5b75-4d0d-94c0-0b549c35f805']
232;р. люксембург 3 утечка из-под земли д=150, без хвс р. люксембург 1-5, бакинская 22-28, 27-35.;['Ульяновская обл, Ульяновск г, Розы Люксембург ул, 40 (зд.)', 'Ульяновская обл, Ульяновск г, Розы Люксембург ул, 40 (зд.)', 'Ульяновская обл, Ульяновск г, Бакинская ул, 125 стр. 1', 'Ульяновская обл, Ульяновск г, Бакинская ул, 125 стр. 1'];['abafcf61-39a1-44a0-b938-c46221c68a07', 'abafcf61-39a1-44a0-b938-c46221c68a07', '702ddc06-bdf8-43cf-8bfc-2dc1a1da76f8', '702ddc06-bdf8-43cf-8bfc-2dc1a1da76f8']
233;замена теплообменника.отключение гвс;['Ульяновская обл, Ульяновск г, Каменка п, 1'];['459eea3c-7570-412d-94b2-0c278fec2aea']
234;пр. караганова / полбина ремонт задвижки д=150. без хвс пр. караганова, 2, 4, полбина, 25;['Ульяновская обл, Ульяновск г, Караганова проезд, 1', 'Ульяновская обл, Ульяновск г, Караганова проезд, 1', 'Ульяновская обл, Ульяновск г, Караганова проезд, 1'];['551721b6-512b-44cd-8322-0abf977caca2', '551721b6-512b-44cd-8322-0abf977caca2', '551721b6-512b-44cd-8322-0abf977caca2']
235;карсунская, 1 замена ввода, д=63. без хвс карсунская, 1, железнодорожная, 45. 18-00 без хвс карсунская, 1;['Ульяновская обл, Ульяновск г, Свободы ул, 1', 'Ульяновская обл, Ульяновск г, Железнодорожная ул, 1', 'Ульяновская обл, Ульяновск г, Железнодорожная ул, 44 (двлд.)'];['cb690427-bcdf-46ef-9a5b-d6ff8055fbc1', '6cb73919-c3a2-4c78-8f53-6f6fdbadf4f6', '52543fc8-a4c0-4c8b-9579-76d007c81f14']
236;самарская 5 утечка из-под земли д=100, без хвс самарская 5.;['Ульяновская обл, Ульяновск г, Самарская ул, 5'];['c541173b-649d-4108-a083-68e5577e0868']
237;"тихая 26-28-утечка из колодца д=50, замена задвижки д=50, санация трубы-15 метров; без хвс ул. тихая 26,26а,30,31,33-5 ч/д";['Ульяновская обл, Ульяновск г, Отважный пр-д, 9', 'Ульяновская обл, Ульяновск г, Отважный пр-д, 9', 'Ульяновская обл, Ульяновск г, Отважный пр-д, 9', 'Ульяновская обл, Ульяновск г, Отважный пр-д, 9', 'Ульяновская обл, Ульяновск г, Отважный пр-д, 9', 'Ульяновская обл, Ульяновск г, Отважный пр-д, 9', 'Ульяновская обл, Ульяновск г, Отважный пр-д, 9'];['a80f0b1c-6c1f-4b45-bf11-0bd98fb886ce', 'a80f0b1c-6c1f-4b45-bf11-0bd98fb886ce', 'a80f0b1c-6c1f-4b45-bf11-0bd98fb886ce', 'a80f0b1c-6c1f-4b45-bf11-0bd98fb886ce', 'a80f0b1c-6c1f-4b45-bf11-0bd98fb886ce', 'a80f0b1c-6c1f-4b45-bf11-0bd98fb886ce', 'a80f0b1c-6c1f-4b45-bf11-0bd98fb886ce']
238;ефремова 143 утечка из п/з д=200, без хвс ефремова 149(5 эт.);['Ульяновская обл, Ульяновск г, Ефремова ул, 52 стр. 1', 'Ульяновская обл, Ульяновск г, Ефремова ул, 52 стр. 1'];['d70a1680-26ca-4859-a88a-1d6d7d54e993', 'd70a1680-26ca-4859-a88a-1d6d7d54e993']
239;уи к-ца д=100мм;['уи к-ца'];[None]
240;кадьяна 13 утечка из п/з д=100, без хвс кадьяна 9,11,13, 11а (котельн.);['Ульяновская обл, Ульяновск г, Карлинская роща п, Котельная', 'Ульяновская обл, Ульяновск г, Школьная ул, 3', 'Ульяновская обл, Ульяновск г, Школьная ул, 3', 'Ульяновская обл, Ульяновск г, Школьная ул, 3'];['d689d40a-5b75-4d0d-94c0-0b549c35f805', 'b7ae6d15-2daa-417e-9cd4-0c5e2c8a203f', 'b7ae6d15-2daa-417e-9cd4-0c5e2c8a203f', 'b7ae6d15-2daa-417e-9cd4-0c5e2c8a203f']
241;бебеля 45 утечка из п/з д=300, без хвс ул. бебеля (от гончарова до матросова). знгельса (отгончарова до матросова ), ленина (от гончарова  до ж,дивизии);['Ульяновская обл, Ульяновск г, Александра Матросова ул, 35 (двлд.)'];['00f688b1-61af-4583-9cf4-76bcfcd2de74']
242;без хвс кирова 2,6 (3 корпуса), туб. дисп.,ч/д кирова 1-49. на пониж. давл. минаева 20-44;['Ульяновская обл, Ульяновск г, Щорса ул, 31 (двлд.)', 'Ульяновская обл, Ульяновск г, Кирова ул, 4 стр. 1', 'Ульяновская обл, Ульяновск г, Щорса ул, 31 (двлд.)'];['62891471-9582-4ab9-ba73-8f069776bf6f', '0c5b76cd-a7ad-4646-b3f3-5abcb38dff8b', '62891471-9582-4ab9-ba73-8f069776bf6f']
243;р. люксембург, 58 утечка из п/з, д=100. без хвс р. люксембург, 58 ( д/с №128);['Ульяновская обл, Ульяновск г, Розы Люксембург ул, 40 (зд.)', 'Ульяновская обл, Ульяновск г, ГСК Солярис тер., 8А (зд.)'];['abafcf61-39a1-44a0-b938-c46221c68a07', 'feeed993-0759-47f5-b360-8bec4b8f8f12']
244;б-р пластова, 13 утечка из п/з, д=200. без хвс б-р пластова, 13;['Ульяновская обл, Ульяновск г, Пластова б-р, 4'];['8edeec68-f853-4a99-81e5-d8e86483e593']
245;"р. люксембург 5 утечка из п/з д=200, без хвс р. люксембург 1,1а,5,5а,7,9,11,13,15;бакинская 34-40(четн.)";['Ульяновская обл, Ульяновск г, Розы Люксембург ул, 40 (зд.)', 'Ульяновская обл, Ульяновск г, Розы Люксембург ул, 40 (зд.)', 'Ульяновская обл, Ульяновск г, Розы Люксембург ул, 40 (зд.)', 'Ульяновская обл, Ульяновск г, Розы Люксембург ул, 40 (зд.)', 'Ульяновская обл, Ульяновск г, Розы Люксембург ул, 40 (зд.)', 'Ульяновская обл, Ульяновск г, Розы Люксембург ул, 40 (зд.)', 'Ульяновская обл, Ульяновск г, Розы Люксембург ул, 40 (зд.)', 'Ульяновская обл, Ульяновск г, Розы Люксембург ул, 40 (зд.)', 'Ульяновская обл, Ульяновск г, Бакинская ул, 1 (двлд.)'];['abafcf61-39a1-44a0-b938-c46221c68a07', 'abafcf61-39a1-44a0-b938-c46221c68a07', 'abafcf61-39a1-44a0-b938-c46221c68a07', 'abafcf61-39a1-44a0-b938-c46221c68a07', 'abafcf61-39a1-44a0-b938-c46221c68a07', 'abafcf61-39a1-44a0-b938-c46221c68a07', 'abafcf61-39a1-44a0-b938-c46221c68a07', 'abafcf61-39a1-44a0-b938-c46221c68a07', '2ed603d9-fbdf-4175-bda2-ecd260ddfc70']
246;"р. люксембург 5 утечка из п/з д=200, без хвс р. люксембург 1,1а,5,5а,7,9,11,13,15;бакинская 34-40(четн.)";['Ульяновская обл, Ульяновск г, Розы Люксембург ул, 40 (зд.)', 'Ульяновская обл, Ульяновск г, Розы Люксембург ул, 40 (зд.)', 'Ульяновская обл, Ульяновск г, Розы Люксембург ул, 40 (зд.)', 'Ульяновская обл, Ульяновск г, Розы Люксембург ул, 40 (зд.)', 'Ульяновская обл, Ульяновск г, Розы Люксембург ул, 40 (зд.)', 'Ульяновская обл, Ульяновск г, Розы Люксембург ул, 40 (зд.)', 'Ульяновская обл, Ульяновск г, Розы Люксембург ул, 40 (зд.)', 'Ульяновская обл, Ульяновск г, Розы Люксембург ул, 40 (зд.)', 'Ульяновская обл, Ульяновск г, Бакинская ул, 1 (двлд.)'];['abafcf61-39a1-44a0-b938-c46221c68a07', 'abafcf61-39a1-44a0-b938-c46221c68a07', 'abafcf61-39a1-44a0-b938-c46221c68a07', 'abafcf61-39a1-44a0-b938-c46221c68a07', 'abafcf61-39a1-44a0-b938-c46221c68a07', 'abafcf61-39a1-44a0-b938-c46221c68a07', 'abafcf61-39a1-44a0-b938-c46221c68a07', 'abafcf61-39a1-44a0-b938-c46221c68a07', '2ed603d9-fbdf-4175-bda2-ecd260ddfc70']
247;п. пригородный, ул. новая, 14 утечка из п/з, д=100. без хвс ул. новая, 1-24, молодежная, 13-42;['Ульяновская обл, Ульяновск г, 1-й Пригородный пер, 1', 'Ульяновская обл, Ульяновск г, 1-й Пригородный пер, 1', 'Ульяновская обл, Ульяновск г, 1-й Пригородный пер, 1'];['e3205a5a-4923-4c22-8ada-4693f9f23715', 'e3205a5a-4923-4c22-8ada-4693f9f23715', 'e3205a5a-4923-4c22-8ada-4693f9f23715']
248;"вольная 1 утечка из п/з д=100, без хвс вольная 1(котельн.), 2а(д/сад №43), 6 (школа №10); 1,2,3 пер. бабушкина-50 ч/д";['Ульяновская обл, Ульяновск г, Бабушкина ул, 1', 'Ульяновская обл, Ульяновск г, Бабушкина ул, 1', 'Ульяновская обл, Ульяновск г, Бабушкина 1-й пер, 4', 'Ульяновская обл, Ульяновск г, Бабушкина 1-й пер, 4', 'Ульяновская обл, Ульяновск г, Бабушкина 1-й пер, 4', 'Ульяновская обл, Ульяновск г, Бабушкина 1-й пер, 4', 'Ульяновская обл, Ульяновск г, Бабушкина 1-й пер, 4'];['4fbf72ad-9e4a-44bc-8aab-4d60964a84b0', '4fbf72ad-9e4a-44bc-8aab-4d60964a84b0', '5d89550c-00ad-4bce-b70f-430716ba12cd', '5d89550c-00ad-4bce-b70f-430716ba12cd', '5d89550c-00ad-4bce-b70f-430716ba12cd', '5d89550c-00ad-4bce-b70f-430716ba12cd', '5d89550c-00ad-4bce-b70f-430716ba12cd']
249;новосибирская 14 утечка из кол-ца д=100, без хвс новосибирская , дальняя, луговая, приречная-50 ч/д;['Ульяновская обл, Ульяновск г, Луговое с, Заречная ул, 10 стр 2'];['a9d7931b-e50f-4b13-b6a2-120f0a39ad31']
250;энгельса 12 утечка из п/з д=100, без хвс энгельса 1-12(четн. и нечетн.);['Ульяновская обл, Ульяновск г, Энгельса ул, 4', 'Ульяновская обл, Ульяновск г, Энгельса ул, 4'];['9f94f975-5148-436f-bd2f-718305ccb8ba', '9f94f975-5148-436f-bd2f-718305ccb8ba']
251;г.ульяновск, пос. лениснкий, ул. зеленая, д.14е, 14ж, 14и;['Ульяновская обл, Ульяновск г, Ленинский п, Зеленая ул, 1', 'Ульяновская обл, Ульяновск г, Ленинский п, Зеленая ул, 1', 'Ульяновская обл, Ульяновск г, Ленинский п, Зеленая ул, 1'];['7436a14a-deb0-4c44-b6a4-322684877f06', '7436a14a-deb0-4c44-b6a4-322684877f06', '7436a14a-deb0-4c44-b6a4-322684877f06']
252;из п\з д200. без хвс минаева 2-6, 8(д/с №ральн. собор, ч/д по ул.ульяновской, свияжской ,доп закрыли :12 сентября 81-91,куйбышева 3,4,8-14,,железнодорожная 1-3;['Ульяновская обл, Ульяновск г, Свияжский пер, 6', 'Ульяновская обл, Ульяновск г, Свияжский пер, 6', 'Ульяновская обл, Ульяновск г, Свияжский пер, 6', 'Ульяновская обл, Ульяновск г, Свияжский пер, 6', 'Ульяновская обл, Ульяновск г, Свияжский пер, 6', 'Ульяновская обл, Ульяновск г, Свияжский пер, 6', 'Ульяновская обл, Ульяновск г, Свияжский пер, 6'];['474bc58c-0243-426b-8835-7d05faaa049f', '474bc58c-0243-426b-8835-7d05faaa049f', '474bc58c-0243-426b-8835-7d05faaa049f', '474bc58c-0243-426b-8835-7d05faaa049f', '474bc58c-0243-426b-8835-7d05faaa049f', '474bc58c-0243-426b-8835-7d05faaa049f', '474bc58c-0243-426b-8835-7d05faaa049f']
254;с. баратаевка, ул. герасимова, 18а ремонт задвижки, д=100. без хвс ул. герасимова, луговая.;['Ульяновская обл, Ульяновск г, Баратаевка с, Герасимова ул, 2'];['4b005a62-d543-4c43-80ea-fa6be24f35a7']
255;с. кротовка, ул. родниковая, 15 утечка из п/з. без хвс новая кротовка;['Ульяновская обл, Ульяновск г, Кротовка с, Новая ул, 1'];['670cb81d-1b2f-4e60-9064-6e8896b50359']
256;клубная, 10 утечка из п/з, д=200. без хвс ул. клубная, 8, 8а, 10,12, ул. хрустальная, 14,16,18;['Ульяновская обл, Ульяновск г, Клубная ул, 10', 'Ульяновская обл, Ульяновск г, Клубная ул, 10', 'Ульяновская обл, Ульяновск г, Клубная ул, 8', 'Ульяновская обл, Ульяновск г, Клубная ул, 8', 'Ульяновская обл, Ульяновск г, Клубная ул, 12', 'Ульяновская обл, Ульяновск г, Хрустальная ул, 41/34', 'Ульяновская обл, Ульяновск г, Хрустальная ул, 16', 'Ульяновская обл, Ульяновск г, Хрустальная ул, 18'];['6d066cc1-4bfa-462e-88f3-d3995e4c8deb', '6d066cc1-4bfa-462e-88f3-d3995e4c8deb', 'ddd3c09e-f5ec-4ebd-b796-37142f1174cd', 'ddd3c09e-f5ec-4ebd-b796-37142f1174cd', 'f2042121-17da-435c-b035-84107bc2d5d2', '02be0bc8-3b7e-46c6-a7b0-f36d0b799ba9', '8d23eef1-8e2b-479e-aad2-597cc0101a38', 'fe58fb2b-062d-4a75-b722-1f196870fb93']
257;отрадная 5 , санация в/сетей д=100, без хвс отрадная 5(10 эт.);['Ульяновская обл, Ульяновск г, Малинка снт, 10 (стр)'];['bad419d7-390e-4333-b74b-17ae9ad4569c']
258;доватора 1- ремонт задвижки д=100, без хвс пер. рузаевский -20 ч/домов;['Ульяновская обл, Ульяновск г, Высотный проезд, 2', 'Ульяновская обл, Ульяновск г, Высотный проезд, 2'];['f1dc04a4-0e9e-47db-b721-6ed242cff5b3', 'f1dc04a4-0e9e-47db-b721-6ed242cff5b3']
259;"маяковского 13 замена задвиж. д=50, без хвс  маяковского 13; 3 пер. баумана 4(4 эт.)";['Ульяновская обл, Ульяновск г, Богданова ул, 34 (двлд.)', 'Ульяновская обл, Ульяновск г, Богданова ул, 34 (двлд.)', 'Ульяновская обл, Ульяновск г, Баумана 2-й пер, 34 (двлд.)'];['0c343fd5-f9c0-4480-bef3-3a69c280bb93', '0c343fd5-f9c0-4480-bef3-3a69c280bb93', '2198bdeb-0ff4-4b79-a9f4-3e03ddbb9d3a']
260;баратаевка: мира 92 утечка из п/з д=100, без хвс баратаевка;['Ульяновская обл, Ульяновск г, Баратаевка с, Герасимова ул, 2'];['4b005a62-d543-4c43-80ea-fa6be24f35a7']
261;ул. шолмова, 5 ремонт задвижки, д=100. без хвс шолмова, 5;['Ульяновская обл, Ульяновск г, Крымова ул, 5', 'Ульяновская обл, Ульяновск г, Крымова ул, 5'];['14dacf5c-cba9-403d-97d4-2370183de41e', '14dacf5c-cba9-403d-97d4-2370183de41e']
262;куйбышева 4 утечка из п/з д=300, без хвс куйбышева 2(сизо), 4(лицей), 8,10,12(3 эт.);['Ульяновская обл, Ульяновск г, Куйбышева ул, 3', 'Ульяновская обл, Ульяновск г, Куйбышева ул, 3'];['43ec257f-b18a-4970-a57f-ad4a646aa1e8', '43ec257f-b18a-4970-a57f-ad4a646aa1e8']
263;из п/з д=100 , без хвс старая кротовка;['Ульяновская обл, Ульяновск г, Лермонтова ул, 1'];['0e138877-b566-4360-b1de-054100631830']
264;из в/к. без хвс  ефремова 51,57,63,69,73, 52(гибдд), 50,58 (вм клиник) ,промышленная 6 (пч);['Ульяновская обл, Ульяновск г, Ефремова ул, 33 (двлд.)', 'Ульяновская обл, Ульяновск г, Ефремова ул, 33 (двлд.)', 'Ульяновская обл, Ульяновск г, Ефремова ул, 33 (двлд.)', 'Ульяновская обл, Ульяновск г, Ефремова ул, 33 (двлд.)', 'Ульяновская обл, Ульяновск г, Ефремова ул, 33 (двлд.)', 'Ульяновская обл, Ульяновск г, Ефремова ул, 33 (двлд.)', 'Ульяновская обл, Ульяновск г, Глинки ул, 1 (двлд.)', 'Ульяновская обл, Ульяновск г, Глинки ул, 1 (двлд.)', 'Ульяновская обл, Ульяновск г, Глинки ул, 1 (двлд.)'];['de1b561c-52e5-4c0e-9695-62727bf58a7d', 'de1b561c-52e5-4c0e-9695-62727bf58a7d', 'de1b561c-52e5-4c0e-9695-62727bf58a7d', 'de1b561c-52e5-4c0e-9695-62727bf58a7d', 'de1b561c-52e5-4c0e-9695-62727bf58a7d', 'de1b561c-52e5-4c0e-9695-62727bf58a7d', '035d549f-1485-4d87-b9d7-beefc4941789', '035d549f-1485-4d87-b9d7-beefc4941789', '035d549f-1485-4d87-b9d7-beefc4941789']
265;техн. откл. хвс – утечка из-под земли д=100: с. баратаевка, ул. мира 92;['Ульяновская обл, Ульяновск г, Баратаевка с, Мира ул, 1'];['d0c989a7-040a-40e2-88d0-eb6ef950244d']
267;техн. откл. хвс – замена задвижки д=100;[];[]
268;техн. откл. хвс – замена задвижки д=100;[];[]
269;техн. откл. хвс – утечка из колодца д=100, ул. ленина 96;['Ульяновская обл, Ульяновск г, Ленина ул, 16'];['d3769b5e-41c3-4c35-bfcc-653a64e39dca']
270;техн. откл. хвс – утечка из-под земли д=100, ул. орджоникидзе 35;['Ульяновская обл, Ульяновск г, Орджоникидзе ул, 5'];['bf0975fa-fdb0-4e34-89c0-c838f2817dc6']
271;техн. откл. хвс – утечка из-под земли д=100, ул. орджоникидзе 35;['Ульяновская обл, Ульяновск г, Орджоникидзе ул, 5'];['bf0975fa-fdb0-4e34-89c0-c838f2817dc6']
272;техн. откл. хвс - утечка из-под земли д=300, ул. куйбышева 2. без хвс: куйбышева 2 (сизо), 4 (техникум), 8,10,12. раб. водоканал;['Ульяновская обл, Ульяновск г, Карбышева ул, 5 к. 1', 'Ульяновская обл, Ульяновск г, Карбышева ул, 5 к. 1', 'Ульяновская обл, Ульяновск г, Гая пр-кт, 11А (зд.) стр 1', 'Ульяновская обл, Ульяновск г, Гая пр-кт, 11А (зд.) стр 1'];['78c14960-5565-4410-aa66-bcd6b1225eb8', '78c14960-5565-4410-aa66-bcd6b1225eb8', '7c562978-0d68-45dd-9c47-5dd9c0409c60', '7c562978-0d68-45dd-9c47-5dd9c0409c60']
273;с. кротовка, ул. солнечная - утечка из-под земли, д=100. откл. хвс: с. старая кротовка. работает водоканал;['Ульяновская обл, Ульяновск г, Малосаратовская ул, 2'];['75701598-9a7c-4212-8d3d-1428f6c8ee37']
274;с. кротовка, ул. солнечная - утечка из-под земли, д=100. откл. хвс: с. старая кротовка. работает водоканал;['Ульяновская обл, Ульяновск г, Малосаратовская ул, 2'];['75701598-9a7c-4212-8d3d-1428f6c8ee37']
275;ефремова 57 утечка из колодца д=100, без хвс ефремова 58б.;['Ульяновская обл, Ульяновск г, Ефремова ул, 7', 'Ульяновская обл, Ульяновск г, Ефремова ул, 8'];['3e008522-403e-46b6-bc23-5659d8dba34e', '7712ef3b-eca1-46d6-9083-1210f9ea583e']
276;пер. рузаевский, 1 утечка из п/з, д=100. без хвс пер. рузаевский, 4-32 (частн.дома, четная линия);['Ульяновская обл, Ульяновск г, Отрада д, Центральная ул, 1', 'Ульяновская обл, Ульяновск г, Отрада д, Центральная ул, 1'];['dbcf6154-1a50-49f2-8f5f-323ed01cd6c1', 'dbcf6154-1a50-49f2-8f5f-323ed01cd6c1']
277;из п/з д-400. без хвс рябикова 22,24,26,32,40;['Ульяновская обл, Ульяновск г, Рябикова ул, 12', 'Ульяновская обл, Ульяновск г, Рябикова ул, 24', 'Ульяновская обл, Ульяновск г, Рябикова ул, 26', 'Ульяновская обл, Ульяновск г, Рябикова ул, 32', 'Ульяновская обл, Ульяновск г, Рябикова ул, 40'];['ea665581-5004-418c-b897-6af600f5d3e3', '284015df-4332-459c-ab18-c860cfb58429', 'ae8ef4aa-5852-46ad-a840-8966a14760f2', '45a6b551-3c03-4ed1-b4a6-4d9afc1fcff3', '52caa6ad-86bd-42cd-a06e-8b5c6265365b']
278;рябикова 60 утечка из-под земли д=100, без хвс рябикова 60, 60а.;['Ульяновская обл, Ульяновск г, Рябикова ул, 10', 'Ульяновская обл, Ульяновск г, Рябикова ул, 106а'];['8e47d033-1886-4272-97e3-4e7e21fc01a4', '7f677fe6-e856-41d9-80b8-5414c11b211e']
279;красноярская 137 утечка из колодца д=150, без хвс ближняя вырыпаевка.;['Ульяновская обл, Ульяновск г, Вырыпаевская ул, 5'];['b282d2bb-1c29-4df7-b23a-064f0598fd8b']
280;п.вырыавевка, ул. красноярская, 34 утечка из п/з, д=150. без хвс ближняя вырыпаевка.;['Ульяновская обл, Ульяновск г, Вырыпаевская ул, 2 (двлд.)'];['7acafc89-a955-4042-bcfc-e7d4e1a95c16']
282;зап. бульвар, 16 замена участка трубы в/с , д=200. без хвс зап. бульвар 11,16,16а,18,18а, достоевского, 24;['Ульяновская обл, Ульяновск г, Языкова пер, 1 (зд.)', 'Ульяновская обл, Ульяновск г, Языкова пер, 1 (зд.)', 'Ульяновская обл, Ульяновск г, Языкова пер, 1 (зд.)', 'Ульяновская обл, Ульяновск г, Языкова пер, 1 (зд.)', 'Ульяновская обл, Ульяновск г, Языкова пер, 1 (зд.)', 'Ульяновская обл, Ульяновск г, Языкова пер, 1 (зд.)'];['ab2bb7d6-6afb-489a-91bd-84c201976b67', 'ab2bb7d6-6afb-489a-91bd-84c201976b67', 'ab2bb7d6-6afb-489a-91bd-84c201976b67', 'ab2bb7d6-6afb-489a-91bd-84c201976b67', 'ab2bb7d6-6afb-489a-91bd-84c201976b67', 'ab2bb7d6-6afb-489a-91bd-84c201976b67']
283;ул. горина, 49 утечка из кол-ца, д=150. без хвс горина 39-73 (нечетн., частн.дома);['Ульяновская обл, Ульяновск г, Корюкина ул, 5 (зд.)', 'Ульяновская обл, Ульяновск г, Корюкина ул, 5 (зд.)'];['d74b5dfe-b603-4c2c-b2d2-e694193c6adf', 'd74b5dfe-b603-4c2c-b2d2-e694193c6adf']
284;из п/з д=100мм;[];[]
285;"замена одпу ""ульяновскэнерго""";['Ульяновская обл, Ульяновск г, Береговая ул, 1'];['043d2516-7765-44dd-8631-fa8ef7bd1638']
287;к. маркса/крупская  утечка из колодца д=100, без хвс папова 1-я, некрасова 4 дома, к. маркса 29-133.;['Ульяновская обл, Ульяновск г, Карла Маркса ул, 8', 'Ульяновская обл, Ульяновск г, Карла Маркса ул, 8', 'Ульяновская обл, Ульяновск г, Карла Маркса ул, 8'];['4e79bee5-072e-4d2c-ad45-ff3f98e05b59', '4e79bee5-072e-4d2c-ad45-ff3f98e05b59', '4e79bee5-072e-4d2c-ad45-ff3f98e05b59']
288;тухачевского 17 впу замена задвижки д=100, без хвс радищева 124, 126, сев. венец 14-20;['Ульяновская обл, Ульяновск г, Тухачевского ул, 19 стр. 1', 'Ульяновская обл, Ульяновск г, Радищева ул, 2а (двлд.)', 'Ульяновская обл, Ульяновск г, Радищева ул, 2а (двлд.)'];['3dba1ecf-ccc5-4131-9b35-5d3e648d4a95', '3d12ada7-e350-41d8-a0ba-7056156d16a6', '3d12ada7-e350-41d8-a0ba-7056156d16a6']
289;корунковой 11 утечка из колодца д=200, без хвс фруктовая 4, шолмова 14/9, коруковой 7, 11, 15, 19.;['Ульяновская обл, Ульяновск г, Корунковой ул, 2/19', 'Ульяновская обл, Ульяновск г, Фруктовая ул, 9', 'Ульяновская обл, Ульяновск г, Наумова ул, 1/39', 'Ульяновская обл, Ульяновск г, Корунковой ул, 2/19', 'Ульяновская обл, Ульяновск г, Корунковой ул, 2/19', 'Ульяновская обл, Ульяновск г, Корунковой ул, 2/19'];['e9f571cd-5100-4893-8027-099970277306', 'eb8f3f16-642e-47d4-9360-85d06310a2f0', '8849cf2a-2e9d-4f52-96c0-172487234845', 'e9f571cd-5100-4893-8027-099970277306', 'e9f571cd-5100-4893-8027-099970277306', 'e9f571cd-5100-4893-8027-099970277306']
290;с. арское ул. цветочная 16 утечка из-под земли д=100, без хвс ул. цветочная 1-18.;['Ульяновская обл, Ульяновск г, Арское с, Цветочная ул, 6', 'Ульяновская обл, Ульяновск г, Арское с, Цветочная ул, 1'];['29e2e041-be52-4925-a98c-0966d8808115', '4342cf83-4dcd-4c60-8e06-e14161b4fb98']
291;репина, 45 замена задвижки, д=150. без хвс репина 45-53 (нечетн.);['Ульяновская обл, Ульяновск г, Репина ул, 45'];['bee6d7fe-3652-428f-a337-c6df1b8ffc6f']
292;из п/з д-150. без хвс п. мостовая;['Ульяновская обл, Ульяновск г, Мостовская ул, 5'];['ad96aae9-54b1-4d11-b021-4ac4a9cab98b']
293;пр. гая 57/2 замена задвидки д=200, без хвс варейкиса 1, 3, пр. гая 47, 47а, 51, 53, 55, 57/1, 57/2.;['Ульяновская обл, Ульяновск г, Орская ул, 62/12', 'Ульяновская обл, Ульяновск г, Орская ул, 62/12', 'Ульяновская обл, Ульяновск г, Орская ул, 62/12', 'Ульяновская обл, Ульяновск г, Орская ул, 62/12', 'Ульяновская обл, Ульяновск г, Орская ул, 62/12', 'Ульяновская обл, Ульяновск г, Варейкиса ул, 12'];['d6f87d07-e064-4847-a96e-a2ae01427000', 'd6f87d07-e064-4847-a96e-a2ae01427000', 'd6f87d07-e064-4847-a96e-a2ae01427000', 'd6f87d07-e064-4847-a96e-a2ae01427000', 'd6f87d07-e064-4847-a96e-a2ae01427000', '3486974e-639e-4571-acf2-6451eb635d3a']
294;п. мостовая пер. яблоневый/ ботаническая утечка из-под земли д=150, без хвс п. мостовая.;['Ульяновская обл, Ульяновск г, Ботаническая ул, 1 (двлд.)'];['03dc338d-45a0-4dfb-95fc-aef04d8a2554']
295;камышинская 15а замена заглушки д=400, без хвс камышинская 15, 15а.;['Ульяновская обл, Ульяновск г, Камышинская ул, 5', 'Ульяновская обл, Ульяновск г, Камышинская ул, 57а'];['fa1f6a52-5e4c-45ff-8378-b67b4ad96169', '48565db5-d760-40e2-bdfc-e8e65d41fda0']
296;карлинское: ватутина 4 из п/з =100, без хвс 20 ч/д;['Ульяновская обл, Ульяновск г, Карлинское с, 100', 'Ульяновская обл, Ульяновск г, Карлинское с, 100'];['568a7dcd-9e5a-4227-886d-7a378fba5721', '568a7dcd-9e5a-4227-886d-7a378fba5721']
297;"ростовская 61 замена ввода д=63, без хвс ростовская 53,55,57,61; пер. октябрьский 6а(2эт.)";['Ульяновская обл, Ульяновск г, Доватора ул, 2Ж (зд.)', 'Ульяновская обл, Ульяновск г, Доватора ул, 2Ж (зд.)', 'Ульяновская обл, Ульяновск г, Доватора ул, 2Ж (зд.)', 'Ульяновская обл, Ульяновск г, Доватора ул, 2Ж (зд.)', 'Ульяновская обл, Ульяновск г, Доватора ул, 2Ж (зд.)', 'Ульяновская обл, Ульяновск г, Октябрьский пер, 3'];['e2a568d5-dd50-4c95-bb7b-444717d9fed1', 'e2a568d5-dd50-4c95-bb7b-444717d9fed1', 'e2a568d5-dd50-4c95-bb7b-444717d9fed1', 'e2a568d5-dd50-4c95-bb7b-444717d9fed1', 'e2a568d5-dd50-4c95-bb7b-444717d9fed1', 'ba720c0a-98ec-4fd5-9b5a-fa274547958b']
298;к. маркса 63 ремонт задвижки д=100, без хвс к. маркса 49-133, некрасова 1-6, попова 1-я, 2-я, омская 4;['Ульяновская обл, Ульяновск г, Карла Маркса ул, 13', 'Ульяновская обл, Ульяновск г, Карла Маркса ул, 9', 'Ульяновская обл, Ульяновск г, Некрасова ул, 1', 'Ульяновская обл, Ульяновск г, Омская ул, 4'];['084a123a-1ada-41eb-9acd-1de0a3a89375', '07312458-051a-44b9-a8e9-52809a55ad69', 'cf1608ad-7162-40b9-9ebb-2e816ae8dd2f', 'f7fbe065-3bbe-4eff-94c7-f607cbc798ed']
331;варейкиса 25 врезка водопроводной сети д=100, без хвс варейкиса 23, 25.;['Ульяновская обл, Ульяновск г, Варейкиса ул, 3', 'Ульяновская обл, Ульяновск г, Варейкиса ул, 5'];['b14f4d17-4256-4912-99f1-94c62829c612', '931fabba-201c-4ef7-bf7c-0de9e8dd5191']
332;артема 17 утечка из колодца д=300;['Ульяновская обл, Ульяновск г, Артема ул, 17'];['ecb942a3-ee51-49ad-ae1e-c39056e997c4']
333;"промышленная 84 утечка из п/з д=200, без хвс промышленная 84; шолмова 1,3,5;фруктовая  1, 3(школа №78)";['Ульяновская обл, Ульяновск г, Промышленная ул, 4', 'Ульяновская обл, Ульяновск г, Промышленная ул, 4', 'Ульяновская обл, Ульяновск г, Гимова ул, 3', 'Ульяновская обл, Ульяновск г, Крымова ул, 5', 'Ульяновская обл, Ульяновск г, Фруктовая ул, 3'];['3be60c08-ba2a-4c6f-9a4d-a466d8cd8520', '3be60c08-ba2a-4c6f-9a4d-a466d8cd8520', '17ef49d1-d72f-422c-855c-7ed986682888', '14dacf5c-cba9-403d-97d4-2370183de41e', 'f146e523-a106-4997-9b5c-2eb5a90b79c3']
334;рябикова, 45 утечка из колодца, д=100;['Ульяновская обл, Ульяновск г, Рябикова ул, 45'];['1863dc20-ec67-4ca7-b935-e581a7c59e17']
335;из п/з д=100 без хвс ул.полевая (14ч/д);['Ульяновская обл, Ульяновск г, Уютная ул, 14 (зд.)'];['311a3b97-2c82-4d88-b729-0d40ebb9e89e']
336;из п/з д=100;[];[]
337;д. протопоповка ул. заречная 4 утечка из-под земли д=100, без хвс д. протопоповка.;['Ульяновская обл, Ульяновск г, Протопоповка д, Заречная ул, 2 (двлд.)'];['47990792-ca30-4ea8-bf31-910730f11d24']
338;"аблукова 75а утечка из кол-ца д=300, без хвс аблукова 71-75(неч.),75а; артема 11,17";['Ульяновская обл, Ульяновск г, Аблукова ул, 75', 'Ульяновская обл, Ульяновск г, Аблукова ул, 75', 'Ульяновская обл, Ульяновск г, Артема ул, 7/59', 'Ульяновская обл, Ульяновск г, Артема ул, 7/59'];['0639a1c5-61b6-4fbe-b6ab-b8fdeaa9865f', '0639a1c5-61b6-4fbe-b6ab-b8fdeaa9865f', '96f28869-0735-49f3-99b0-8253156636ac', '96f28869-0735-49f3-99b0-8253156636ac']
339;из кол-ца, д=100 , без хвс ростов. 19-29, октябрьск. 4-8, пер. октябрьский 1-7;['Ульяновская обл, Ульяновск г, Октябрьская ул, 4', 'Ульяновская обл, Ульяновск г, Октябрьский пер, 1А'];['a21915b6-de38-4a4a-a591-c4dd58119cc6', 'fff2129d-421c-487d-b23f-002b1d52af1f']
340;азовская 66 утечка из п/з д=100, без хвс азовская 66,66а,66б,64,64а;['Ульяновская обл, Ульяновск г, Гая ул, 6', 'Ульяновская обл, Ульяновск г, Азовская ул, 64', 'Ульяновская обл, Ульяновск г, Азовская ул, 64', 'Ульяновская обл, Ульяновск г, Азовская ул, 66', 'Ульяновская обл, Ульяновск г, Азовская ул, 66'];['1cf32782-7425-410a-a2e3-bf36c9ed66b3', 'ce6b08df-90c9-41cf-8cf0-f0f631a77177', 'ce6b08df-90c9-41cf-8cf0-f0f631a77177', '9039b507-a8ac-4888-ad47-a26cb6e3646c', '9039b507-a8ac-4888-ad47-a26cb6e3646c']
341;протопоповка: центральная-придорожная монтаж регулятора давления, без хвс центральная, луговая, сиреневая-20 ч/д;['Ульяновская обл, Ульяновск г, Загородный п, Центральная ул, 1В стр 1'];['40dfe67f-1a2f-4d05-8022-8b41a926a868']
342;арское: цветочная 1 замена задвижки д=100, без хвс с. арское;['Ульяновская обл, Ульяновск г, Пожарского пер, 1'];['11f868d6-80ce-4074-b3b5-98946fbcd075']
343;баратаевка, ул.мира, 162 утечка из п/з, д=100. без хвс баратаевка;['Ульяновская обл, Ульяновск г, Баратаевка с, Герасимова ул, 2'];['4b005a62-d543-4c43-80ea-fa6be24f35a7']
344;баратаевка, ул.луговая, 4 утечка из п/з, д=100. без хвс баратаевка;['Ульяновская обл, Ульяновск г, Баратаевка с, Герасимова ул, 2'];['4b005a62-d543-4c43-80ea-fa6be24f35a7']
345;локомотивная, 152 ремонт задвижки, д=150.;['Ульяновская обл, Ульяновск г, Локомотивная ул, 152'];['7a8e5fe7-5550-4cff-ab73-fad33e2e5196']
346;из п/з д=100 . без хвс с. арское;['Ульяновская обл, Ульяновск г, Карлинское с, 1'];['ec56908d-4466-4bab-a93f-7eccd55a94e4']
347;утечка в проходном канале д-200;['Ульяновская обл, Ульяновск г, Великанова пер, 1'];['494cd7cb-de17-4c0c-9bae-b7901abbd2c8']
348;артёма 17, 21 утечка из колодца д=300;[];[]
349;красноярская 107 утечка из п/з д=150, без хвс красноярская ,совхозная,пер.совхозный,вырыпаевская;['Ульяновская обл, Ульяновск г, Вырыпаевская ул, 5'];['b282d2bb-1c29-4df7-b23a-064f0598fd8b']
350;"хрустальная 41 утечка из п/з д=200, без хвс хрустальная 39,41,43,43а,45;варейкиса 38,39а";['Ульяновская обл, Ульяновск г, Хрустальная ул, 1', 'Ульяновская обл, Ульяновск г, Хрустальная ул, 9', 'Ульяновская обл, Ульяновск г, Хрустальная ул, 41А', 'Ульяновская обл, Ульяновск г, Хрустальная ул, 43', 'Ульяновская обл, Ульяновск г, Хрустальная ул, 43', 'Ульяновская обл, Ульяновск г, Хрустальная ул, 45', 'Ульяновская обл, Ульяновск г, Варейкиса ул, 8', 'Ульяновская обл, Ульяновск г, Варейкиса ул, 39'];['96c32d4f-daec-4ab4-94af-5a45993d167b', 'ffab36f7-d562-407d-8c69-b0a13779e743', 'b547c2b4-5c8c-4612-a0f1-0812b74874f9', '4723b2da-96f7-4842-9b0f-64ea52e59000', '4723b2da-96f7-4842-9b0f-64ea52e59000', '66fe6532-7743-4fe4-aa50-64a7b25d9aca', '089e40e0-92c1-4c29-b9d5-e98fff509fa8', 'f5ad8c82-e610-4de1-8706-a065d433d142']
351;"карамзинская дорога ,с/о ""рябинка"" замена задвиж. д=100, на пониж. давл. верх. и нижн. карамзинка";['Ульяновская обл, Ульяновск г, Набережная реки Симбирки ул, 1'];['3f22a173-383d-485f-9e0a-b4781d542a0a']
352;хваткова 2а корп. 1 утечка из кол-ца д=100, без хвс хваткова 2а корп.1;['Ульяновская обл, Ульяновск г, Хваткова ул, 2'];['19fc132a-752b-493d-82af-ff1f79dab2b0']
